fecha,susceptibles,expuestos,infectados,recuperados,decesos,cantidad_mayores_65,ipm,poblacion_total,personas_km2,edad_promedio,promedio_morbilidades,susceptibles_t_1,susceptibles_t_2,susceptibles_t_3,susceptibles_t_4,susceptibles_t_5,susceptibles_t_6,susceptibles_t_7,expuestos_t_1,expuestos_t_2,expuestos_t_3,expuestos_t_4,expuestos_t_5,expuestos_t_6,expuestos_t_7,infectados_t_1,infectados_t_2,infectados_t_3,infectados_t_4,infectados_t_5,infectados_t_6,infectados_t_7,recuperados_t_1,recuperados_t_2,recuperados_t_3,recuperados_t_4,recuperados_t_5,recuperados_t_6,recuperados_t_7,decesos_t_1,decesos_t_2,decesos_t_3,decesos_t_4,decesos_t_5,decesos_t_6,decesos_t_7
2020-03-13,49596755.0,361.0,5.0,5.0,0.0,3994453.0,45.759507,49598176.0,52.594,33.222,4940210.083333333,49597025.0,49597243.0,49597319.0,49597361.0,49597364.0,49597435.0,49597540.0,260.0,206.0,76.0,38.0,3.0,71.0,103.0,5.0,6.0,0.0,2.0,0.0,0.0,1.0,5.0,6.0,0.0,2.0,0.0,0.0,1.0,0.0,0.0,0.0,0.0,0.0,0.0,0.0
2020-03-14,49596384.0,589.0,18.0,18.0,0.0,3994453.0,45.759507,49598176.0,52.594,33.222,4940210.083333333,49596755.0,49597025.0,49597243.0,49597319.0,49597361.0,49597364.0,49597435.0,361.0,260.0,206.0,76.0,38.0,3.0,71.0,5.0,5.0,6.0,0.0,2.0,0.0,0.0,5.0,5.0,6.0,0.0,2.0,0.0,0.0,0.0,0.0,0.0,0.0,0.0,0.0,0.0
2020-03-15,49595759.0,833.0,16.0,16.0,0.0,3994453.0,45.759507,49598176.0,52.594,33.222,4940210.083333333,49596384.0,49596755.0,49597025.0,49597243.0,49597319.0,49597361.0,49597364.0,589.0,361.0,260.0,206.0,76.0,38.0,3.0,18.0,5.0,5.0,6.0,0.0,2.0,0.0,18.0,5.0,5.0,6.0,0.0,2.0,0.0,0.0,0.0,0.0,0.0,0.0,0.0,0.0
2020-03-16,49594894.0,431.0,14.0,13.0,1.0,3994453.0,45.759507,49598176.0,52.594,33.222,4940210.083333333,49595759.0,49596384.0,49596755.0,49597025.0,49597243.0,49597319.0,49597361.0,833.0,589.0,361.0,260.0,206.0,76.0,38.0,16.0,18.0,5.0,5.0,6.0,0.0,2.0,16.0,18.0,5.0,5.0,6.0,0.0,2.0,0.0,0.0,0.0,0.0,0.0,0.0,0.0
2020-03-17,49594435.0,324.0,25.0,25.0,0.0,3994453.0,45.759507,49598176.0,52.594,33.222,4940210.083333333,49594894.0,49595759.0,49596384.0,49596755.0,49597025.0,49597243.0,49597319.0,431.0,833.0,589.0,361.0,260.0,206.0,76.0,14.0,16.0,18.0,5.0,5.0,6.0,0.0,13.0,16.0,18.0,5.0,5.0,6.0,0.0,1.0,0.0,0.0,0.0,0.0,0.0,0.0
2020-03-18,49594061.0,759.0,12.0,12.0,0.0,3994453.0,45.759507,49598176.0,52.594,33.222,4940210.083333333,49594435.0,49594894.0,49595759.0,49596384.0,49596755.0,49597025.0,49597243.0,324.0,431.0,833.0,589.0,361.0,260.0,206.0,25.0,14.0,16.0,18.0,5.0,5.0,6.0,25.0,13.0,16.0,18.0,5.0,5.0,6.0,0.0,1.0,0.0,0.0,0.0,0.0,0.0
2020-03-19,49593278.0,673.0,26.0,26.0,0.0,3994453.0,45.759507,49598176.0,52.594,33.222,4940210.083333333,49594061.0,49594435.0,49594894.0,49595759.0,49596384.0,49596755.0,49597025.0,759.0,324.0,431.0,833.0,589.0,361.0,260.0,12.0,25.0,14.0,16.0,18.0,5.0,5.0,12.0,25.0,13.0,16.0,18.0,5.0,5.0,0.0,0.0,1.0,0.0,0.0,0.0,0.0
2020-03-20,49592553.0,403.0,48.0,45.0,3.0,3994453.0,45.759507,49598176.0,52.594,33.222,4940210.083333333,49593278.0,49594061.0,49594435.0,49594894.0,49595759.0,49596384.0,49596755.0,673.0,759.0,324.0,431.0,833.0,589.0,361.0,26.0,12.0,25.0,14.0,16.0,18.0,5.0,26.0,12.0,25.0,13.0,16.0,18.0,5.0,0.0,0.0,0.0,1.0,0.0,0.0,0.0
2020-03-21,49592054.0,298.0,34.0,33.0,1.0,3994453.0,45.759507,49598176.0,52.594,33.222,4940210.083333333,49592553.0,49593278.0,49594061.0,49594435.0,49594894.0,49595759.0,49596384.0,403.0,673.0,759.0,324.0,431.0,833.0,589.0,48.0,26.0,12.0,25.0,14.0,16.0,18.0,45.0,26.0,12.0,25.0,13.0,16.0,18.0,3.0,0.0,0.0,0.0,1.0,0.0,0.0
2020-03-22,49591688.0,846.0,29.0,28.0,1.0,3994453.0,45.759507,49598176.0,52.594,33.222,4940210.083333333,49592054.0,49592553.0,49593278.0,49594061.0,49594435.0,49594894.0,49595759.0,298.0,403.0,673.0,759.0,324.0,431.0,833.0,34.0,48.0,26.0,12.0,25.0,14.0,16.0,33.0,45.0,26.0,12.0,25.0,13.0,16.0,1.0,3.0,0.0,0.0,0.0,1.0,0.0
2020-03-23,49590784.0,375.0,73.0,69.0,4.0,3994453.0,45.759507,49598176.0,52.594,33.222,4940210.083333333,49591688.0,49592054.0,49592553.0,49593278.0,49594061.0,49594435.0,49594894.0,846.0,298.0,403.0,673.0,759.0,324.0,431.0,29.0,34.0,48.0,26.0,12.0,25.0,14.0,28.0,33.0,45.0,26.0,12.0,25.0,13.0,1.0,1.0,3.0,0.0,0.0,0.0,1.0
2020-03-24,49590263.0,766.0,105.0,101.0,4.0,3994453.0,45.759507,49598176.0,52.594,33.222,4940210.083333333,49590784.0,49591688.0,49592054.0,49592553.0,49593278.0,49594061.0,49594435.0,375.0,846.0,298.0,403.0,673.0,759.0,324.0,73.0,29.0,34.0,48.0,26.0,12.0,25.0,69.0,28.0,33.0,45.0,26.0,12.0,25.0,4.0,1.0,1.0,3.0,0.0,0.0,0.0
2020-03-25,49589287.0,746.0,61.0,60.0,1.0,3994453.0,45.759507,49598176.0,52.594,33.222,4940210.083333333,49590263.0,49590784.0,49591688.0,49592054.0,49592553.0,49593278.0,49594061.0,766.0,375.0,846.0,298.0,403.0,673.0,759.0,105.0,73.0,29.0,34.0,48.0,26.0,12.0,101.0,69.0,28.0,33.0,45.0,26.0,12.0,4.0,4.0,1.0,1.0,3.0,0.0,0.0
2020-03-26,49588419.0,431.0,10.0,9.0,1.0,3994453.0,45.759507,49598176.0,52.594,33.222,4940210.083333333,49589287.0,49590263.0,49590784.0,49591688.0,49592054.0,49592553.0,49593278.0,746.0,766.0,375.0,846.0,298.0,403.0,673.0,61.0,105.0,73.0,29.0,34.0,48.0,26.0,60.0,101.0,69.0,28.0,33.0,45.0,26.0,1.0,4.0,4.0,1.0,1.0,3.0,0.0
2020-03-27,49587968.0,258.0,49.0,45.0,4.0,3994453.0,45.759507,49598176.0,52.594,33.222,4940210.083333333,49588419.0,49589287.0,49590263.0,49590784.0,49591688.0,49592054.0,49592553.0,431.0,746.0,766.0,375.0,846.0,298.0,403.0,10.0,61.0,105.0,73.0,29.0,34.0,48.0,9.0,60.0,101.0,69.0,28.0,33.0,45.0,1.0,1.0,4.0,4.0,1.0,1.0,3.0
2020-03-28,49587612.0,1365.0,69.0,63.0,5.0,3994453.0,45.759507,49598176.0,52.594,33.222,4940210.083333333,49587968.0,49588419.0,49589287.0,49590263.0,49590784.0,49591688.0,49592054.0,258.0,431.0,746.0,766.0,375.0,846.0,298.0,49.0,10.0,61.0,105.0,73.0,29.0,34.0,45.0,9.0,60.0,101.0,69.0,28.0,33.0,4.0,1.0,1.0,4.0,4.0,1.0,1.0
2020-03-29,49586110.0,1474.0,94.0,91.0,3.0,3994453.0,45.759507,49598176.0,52.594,33.222,4940210.083333333,49587612.0,49587968.0,49588419.0,49589287.0,49590263.0,49590784.0,49591688.0,1365.0,258.0,431.0,746.0,766.0,375.0,846.0,69.0,49.0,10.0,61.0,105.0,73.0,29.0,63.0,45.0,9.0,60.0,101.0,69.0,28.0,5.0,4.0,1.0,1.0,4.0,4.0,1.0
2020-03-30,49584448.0,1491.0,96.0,85.0,10.0,3994453.0,45.759507,49598176.0,52.594,33.222,4940210.083333333,49586110.0,49587612.0,49587968.0,49588419.0,49589287.0,49590263.0,49590784.0,1474.0,1365.0,258.0,431.0,746.0,766.0,375.0,94.0,69.0,49.0,10.0,61.0,105.0,73.0,91.0,63.0,45.0,9.0,60.0,101.0,69.0,3.0,5.0,4.0,1.0,1.0,4.0,4.0
2020-03-31,49582766.0,4047.0,107.0,101.0,6.0,3994453.0,45.759507,49598176.0,52.594,33.222,4940210.083333333,49584448.0,49586110.0,49587612.0,49587968.0,49588419.0,49589287.0,49590263.0,1491.0,1474.0,1365.0,258.0,431.0,746.0,766.0,96.0,94.0,69.0,49.0,10.0,61.0,105.0,85.0,91.0,63.0,45.0,9.0,60.0,101.0,10.0,3.0,5.0,4.0,1.0,1.0,4.0
2020-04-01,49578505.0,2390.0,160.0,146.0,13.0,3994453.0,45.759507,49598176.0,52.594,33.222,4940210.083333333,49582766.0,49584448.0,49586110.0,49587612.0,49587968.0,49588419.0,49589287.0,4047.0,1491.0,1474.0,1365.0,258.0,431.0,746.0,107.0,96.0,94.0,69.0,49.0,10.0,61.0,101.0,85.0,91.0,63.0,45.0,9.0,60.0,6.0,10.0,3.0,5.0,4.0,1.0,1.0
2020-04-02,49575796.0,1159.0,96.0,92.0,4.0,3994453.0,45.759507,49598176.0,52.594,33.222,4940210.083333333,49578505.0,49582766.0,49584448.0,49586110.0,49587612.0,49587968.0,49588419.0,2390.0,4047.0,1491.0,1474.0,1365.0,258.0,431.0,160.0,107.0,96.0,94.0,69.0,49.0,10.0,146.0,101.0,85.0,91.0,63.0,45.0,9.0,13.0,6.0,10.0,3.0,5.0,4.0,1.0
2020-04-03,49574445.0,1340.0,105.0,95.0,9.0,3994453.0,45.759507,49598176.0,52.594,33.222,4940210.083333333,49575796.0,49578505.0,49582766.0,49584448.0,49586110.0,49587612.0,49587968.0,1159.0,2390.0,4047.0,1491.0,1474.0,1365.0,258.0,96.0,160.0,107.0,96.0,94.0,69.0,49.0,92.0,146.0,101.0,85.0,91.0,63.0,45.0,4.0,13.0,6.0,10.0,3.0,5.0,4.0
2020-04-04,49572896.0,1237.0,140.0,129.0,11.0,3994453.0,45.759507,49598176.0,52.594,33.222,4940210.083333333,49574445.0,49575796.0,49578505.0,49582766.0,49584448.0,49586110.0,49587612.0,1340.0,1159.0,2390.0,4047.0,1491.0,1474.0,1365.0,105.0,96.0,160.0,107.0,96.0,94.0,69.0,95.0,92.0,146.0,101.0,85.0,91.0,63.0,9.0,4.0,13.0,6.0,10.0,3.0,5.0
2020-04-05,49571379.0,1558.0,79.0,72.0,7.0,3994453.0,45.759507,49598176.0,52.594,33.222,4940210.083333333,49572896.0,49574445.0,49575796.0,49578505.0,49582766.0,49584448.0,49586110.0,1237.0,1340.0,1159.0,2390.0,4047.0,1491.0,1474.0,140.0,105.0,96.0,160.0,107.0,96.0,94.0,129.0,95.0,92.0,146.0,101.0,85.0,91.0,11.0,9.0,4.0,13.0,6.0,10.0,3.0
2020-04-06,49569663.0,2421.0,94.0,84.0,10.0,3994453.0,45.759507,49598176.0,52.594,33.222,4940210.083333333,49571379.0,49572896.0,49574445.0,49575796.0,49578505.0,49582766.0,49584448.0,1558.0,1237.0,1340.0,1159.0,2390.0,4047.0,1491.0,79.0,140.0,105.0,96.0,160.0,107.0,96.0,72.0,129.0,95.0,92.0,146.0,101.0,85.0,7.0,11.0,9.0,4.0,13.0,6.0,10.0
2020-04-07,49567054.0,2760.0,129.0,120.0,9.0,3994453.0,45.759507,49598176.0,52.594,33.222,4940210.083333333,49569663.0,49571379.0,49572896.0,49574445.0,49575796.0,49578505.0,49582766.0,2421.0,1558.0,1237.0,1340.0,1159.0,2390.0,4047.0,94.0,79.0,140.0,105.0,96.0,160.0,107.0,84.0,72.0,129.0,95.0,92.0,146.0,101.0,10.0,7.0,11.0,9.0,4.0,13.0,6.0
2020-04-08,49564036.0,3130.0,346.0,323.0,23.0,3994453.0,45.759507,49598176.0,52.594,33.222,4940210.083333333,49567054.0,49569663.0,49571379.0,49572896.0,49574445.0,49575796.0,49578505.0,2760.0,2421.0,1558.0,1237.0,1340.0,1159.0,2390.0,129.0,94.0,79.0,140.0,105.0,96.0,160.0,120.0,84.0,72.0,129.0,95.0,92.0,146.0,9.0,10.0,7.0,11.0,9.0,4.0,13.0
2020-04-09,49560214.0,1335.0,169.0,150.0,18.0,3994453.0,45.759507,49598176.0,52.594,33.222,4940210.083333333,49564036.0,49567054.0,49569663.0,49571379.0,49572896.0,49574445.0,49575796.0,3130.0,2760.0,2421.0,1558.0,1237.0,1340.0,1159.0,346.0,129.0,94.0,79.0,140.0,105.0,96.0,323.0,120.0,84.0,72.0,129.0,95.0,92.0,23.0,9.0,10.0,7.0,11.0,9.0,4.0
2020-04-10,49558542.0,2683.0,251.0,231.0,18.0,3994453.0,45.759507,49598176.0,52.594,33.222,4940210.083333333,49560214.0,49564036.0,49567054.0,49569663.0,49571379.0,49572896.0,49574445.0,1335.0,3130.0,2760.0,2421.0,1558.0,1237.0,1340.0,169.0,346.0,129.0,94.0,79.0,140.0,105.0,150.0,323.0,120.0,84.0,72.0,129.0,95.0,18.0,23.0,9.0,10.0,7.0,11.0,9.0
2020-04-11,49555359.0,2742.0,235.0,206.0,27.0,3994453.0,45.759507,49598176.0,52.594,33.222,4940210.083333333,49558542.0,49560214.0,49564036.0,49567054.0,49569663.0,49571379.0,49572896.0,2683.0,1335.0,3130.0,2760.0,2421.0,1558.0,1237.0,251.0,169.0,346.0,129.0,94.0,79.0,140.0,231.0,150.0,323.0,120.0,84.0,72.0,129.0,18.0,18.0,23.0,9.0,10.0,7.0,11.0
2020-04-12,49552149.0,1162.0,67.0,61.0,6.0,3994453.0,45.759507,49598176.0,52.594,33.222,4940210.083333333,49555359.0,49558542.0,49560214.0,49564036.0,49567054.0,49569663.0,49571379.0,2742.0,2683.0,1335.0,3130.0,2760.0,2421.0,1558.0,235.0,251.0,169.0,346.0,129.0,94.0,79.0,206.0,231.0,150.0,323.0,120.0,84.0,72.0,27.0,18.0,18.0,23.0,9.0,10.0,7.0
2020-04-13,49550853.0,1256.0,76.0,72.0,2.0,3994453.0,45.759507,49598176.0,52.594,33.222,4940210.083333333,49552149.0,49555359.0,49558542.0,49560214.0,49564036.0,49567054.0,49569663.0,1162.0,2742.0,2683.0,1335.0,3130.0,2760.0,2421.0,67.0,235.0,251.0,169.0,346.0,129.0,94.0,61.0,206.0,231.0,150.0,323.0,120.0,84.0,6.0,27.0,18.0,18.0,23.0,9.0,10.0
2020-04-14,49549447.0,2315.0,126.0,119.0,7.0,3994453.0,45.759507,49598176.0,52.594,33.222,4940210.083333333,49550853.0,49552149.0,49555359.0,49558542.0,49560214.0,49564036.0,49567054.0,1256.0,1162.0,2742.0,2683.0,1335.0,3130.0,2760.0,76.0,67.0,235.0,251.0,169.0,346.0,129.0,72.0,61.0,206.0,231.0,150.0,323.0,120.0,2.0,6.0,27.0,18.0,18.0,23.0,9.0
2020-04-15,49546880.0,3205.0,125.0,111.0,13.0,3994453.0,45.759507,49598176.0,52.594,33.222,4940210.083333333,49549447.0,49550853.0,49552149.0,49555359.0,49558542.0,49560214.0,49564036.0,2315.0,1256.0,1162.0,2742.0,2683.0,1335.0,3130.0,126.0,76.0,67.0,235.0,251.0,169.0,346.0,119.0,72.0,61.0,206.0,231.0,150.0,323.0,7.0,2.0,6.0,27.0,18.0,18.0,23.0
2020-04-16,49543426.0,3457.0,128.0,118.0,10.0,3994453.0,45.759507,49598176.0,52.594,33.222,4940210.083333333,49546880.0,49549447.0,49550853.0,49552149.0,49555359.0,49558542.0,49560214.0,3205.0,2315.0,1256.0,1162.0,2742.0,2683.0,1335.0,125.0,126.0,76.0,67.0,235.0,251.0,169.0,111.0,119.0,72.0,61.0,206.0,231.0,150.0,13.0,7.0,2.0,6.0,27.0,18.0,18.0
2020-04-17,49539713.0,3488.0,205.0,194.0,9.0,3994453.0,45.759507,49598176.0,52.594,33.222,4940210.083333333,49543426.0,49546880.0,49549447.0,49550853.0,49552149.0,49555359.0,49558542.0,3457.0,3205.0,2315.0,1256.0,1162.0,2742.0,2683.0,128.0,125.0,126.0,76.0,67.0,235.0,251.0,118.0,111.0,119.0,72.0,61.0,206.0,231.0,10.0,13.0,7.0,2.0,6.0,27.0,18.0
2020-04-18,49535817.0,3429.0,183.0,170.0,11.0,3994453.0,45.759507,49598176.0,52.594,33.222,4940210.083333333,49539713.0,49543426.0,49546880.0,49549447.0,49550853.0,49552149.0,49555359.0,3488.0,3457.0,3205.0,2315.0,1256.0,1162.0,2742.0,205.0,128.0,125.0,126.0,76.0,67.0,235.0,194.0,118.0,111.0,119.0,72.0,61.0,206.0,9.0,10.0,13.0,7.0,2.0,6.0,27.0
2020-04-19,49532024.0,3744.0,174.0,170.0,4.0,3994453.0,45.759507,49598176.0,52.594,33.222,4940210.083333333,49535817.0,49539713.0,49543426.0,49546880.0,49549447.0,49550853.0,49552149.0,3429.0,3488.0,3457.0,3205.0,2315.0,1256.0,1162.0,183.0,205.0,128.0,125.0,126.0,76.0,67.0,170.0,194.0,118.0,111.0,119.0,72.0,61.0,11.0,9.0,10.0,13.0,7.0,2.0,6.0
2020-04-20,49527932.0,2423.0,182.0,171.0,10.0,3994453.0,45.759507,49598176.0,52.594,33.222,4940210.083333333,49532024.0,49535817.0,49539713.0,49543426.0,49546880.0,49549447.0,49550853.0,3744.0,3429.0,3488.0,3457.0,3205.0,2315.0,1256.0,174.0,183.0,205.0,128.0,125.0,126.0,76.0,170.0,170.0,194.0,118.0,111.0,119.0,72.0,4.0,11.0,9.0,10.0,13.0,7.0,2.0
2020-04-21,49525146.0,3259.0,171.0,157.0,8.0,3994453.0,45.759507,49598176.0,52.594,33.222,4940210.083333333,49527932.0,49532024.0,49535817.0,49539713.0,49543426.0,49546880.0,49549447.0,2423.0,3744.0,3429.0,3488.0,3457.0,3205.0,2315.0,182.0,174.0,183.0,205.0,128.0,125.0,126.0,171.0,170.0,170.0,194.0,118.0,111.0,119.0,10.0,4.0,11.0,9.0,10.0,13.0,7.0
2020-04-22,49521551.0,3051.0,193.0,188.0,5.0,3994453.0,45.759507,49598176.0,52.594,33.222,4940210.083333333,49525146.0,49527932.0,49532024.0,49535817.0,49539713.0,49543426.0,49546880.0,3259.0,2423.0,3744.0,3429.0,3488.0,3457.0,3205.0,171.0,182.0,174.0,183.0,205.0,128.0,125.0,157.0,171.0,170.0,170.0,194.0,118.0,111.0,8.0,10.0,4.0,11.0,9.0,10.0,13.0
2020-04-23,49518114.0,3457.0,194.0,175.0,16.0,3994453.0,45.759507,49598176.0,52.594,33.222,4940210.083333333,49521551.0,49525146.0,49527932.0,49532024.0,49535817.0,49539713.0,49543426.0,3051.0,3259.0,2423.0,3744.0,3429.0,3488.0,3457.0,193.0,171.0,182.0,174.0,183.0,205.0,128.0,188.0,157.0,171.0,170.0,170.0,194.0,118.0,5.0,8.0,10.0,4.0,11.0,9.0,10.0
2020-04-24,49514272.0,3121.0,304.0,279.0,15.0,3994453.0,45.759507,49598176.0,52.594,33.222,4940210.083333333,49518114.0,49521551.0,49525146.0,49527932.0,49532024.0,49535817.0,49539713.0,3457.0,3051.0,3259.0,2423.0,3744.0,3429.0,3488.0,194.0,193.0,171.0,182.0,174.0,183.0,205.0,175.0,188.0,157.0,171.0,170.0,170.0,194.0,16.0,5.0,8.0,10.0,4.0,11.0,9.0
2020-04-25,49510553.0,3068.0,261.0,245.0,14.0,3994453.0,45.759507,49598176.0,52.594,33.222,4940210.083333333,49514272.0,49518114.0,49521551.0,49525146.0,49527932.0,49532024.0,49535817.0,3121.0,3457.0,3051.0,3259.0,2423.0,3744.0,3429.0,304.0,194.0,193.0,171.0,182.0,174.0,183.0,279.0,175.0,188.0,157.0,171.0,170.0,170.0,15.0,16.0,5.0,8.0,10.0,4.0,11.0
2020-04-26,49506965.0,6053.0,237.0,227.0,6.0,3994453.0,45.759507,49598176.0,52.594,33.222,4940210.083333333,49510553.0,49514272.0,49518114.0,49521551.0,49525146.0,49527932.0,49532024.0,3068.0,3121.0,3457.0,3051.0,3259.0,2423.0,3744.0,261.0,304.0,194.0,193.0,171.0,182.0,174.0,245.0,279.0,175.0,188.0,157.0,171.0,170.0,14.0,15.0,16.0,5.0,8.0,10.0,4.0
2020-04-27,49500442.0,3793.0,218.0,212.0,6.0,3994453.0,45.759507,49598176.0,52.594,33.222,4940210.083333333,49506965.0,49510553.0,49514272.0,49518114.0,49521551.0,49525146.0,49527932.0,6053.0,3068.0,3121.0,3457.0,3051.0,3259.0,2423.0,237.0,261.0,304.0,194.0,193.0,171.0,182.0,227.0,245.0,279.0,175.0,188.0,157.0,171.0,6.0,14.0,15.0,16.0,5.0,8.0,10.0
2020-04-28,49496213.0,4186.0,354.0,330.0,24.0,3994453.0,45.759507,49598176.0,52.594,33.222,4940210.083333333,49500442.0,49506965.0,49510553.0,49514272.0,49518114.0,49521551.0,49525146.0,3793.0,6053.0,3068.0,3121.0,3457.0,3051.0,3259.0,218.0,237.0,261.0,304.0,194.0,193.0,171.0,212.0,227.0,245.0,279.0,175.0,188.0,157.0,6.0,6.0,14.0,15.0,16.0,5.0,8.0
2020-04-29,49491319.0,5068.0,261.0,240.0,15.0,3994453.0,45.759507,49598176.0,52.594,33.222,4940210.083333333,49496213.0,49500442.0,49506965.0,49510553.0,49514272.0,49518114.0,49521551.0,4186.0,3793.0,6053.0,3068.0,3121.0,3457.0,3051.0,354.0,218.0,237.0,261.0,304.0,194.0,193.0,330.0,212.0,227.0,245.0,279.0,175.0,188.0,24.0,6.0,6.0,14.0,15.0,16.0,5.0
2020-04-30,49485735.0,4504.0,296.0,271.0,21.0,3994453.0,45.759507,49598176.0,52.594,33.222,4940210.083333333,49491319.0,49496213.0,49500442.0,49506965.0,49510553.0,49514272.0,49518114.0,5068.0,4186.0,3793.0,6053.0,3068.0,3121.0,3457.0,261.0,354.0,218.0,237.0,261.0,304.0,194.0,240.0,330.0,212.0,227.0,245.0,279.0,175.0,15.0,24.0,6.0,6.0,14.0,15.0,16.0
2020-05-01,49480643.0,4293.0,500.0,465.0,20.0,3994453.0,45.759507,49598176.0,52.594,33.222,4940210.083333333,49485735.0,49491319.0,49496213.0,49500442.0,49506965.0,49510553.0,49514272.0,4504.0,5068.0,4186.0,3793.0,6053.0,3068.0,3121.0,296.0,261.0,354.0,218.0,237.0,261.0,304.0,271.0,240.0,330.0,212.0,227.0,245.0,279.0,21.0,15.0,24.0,6.0,6.0,14.0,15.0
2020-05-02,49475365.0,5652.0,277.0,249.0,24.0,3994453.0,45.759507,49598176.0,52.594,33.222,4940210.083333333,49480643.0,49485735.0,49491319.0,49496213.0,49500442.0,49506965.0,49510553.0,4293.0,4504.0,5068.0,4186.0,3793.0,6053.0,3068.0,500.0,296.0,261.0,354.0,218.0,237.0,261.0,465.0,271.0,240.0,330.0,212.0,227.0,245.0,20.0,21.0,15.0,24.0,6.0,6.0,14.0
2020-05-03,49469163.0,4199.0,423.0,405.0,17.0,3994453.0,45.759507,49598176.0,52.594,33.222,4940210.083333333,49475365.0,49480643.0,49485735.0,49491319.0,49496213.0,49500442.0,49506965.0,5652.0,4293.0,4504.0,5068.0,4186.0,3793.0,6053.0,277.0,500.0,296.0,261.0,354.0,218.0,237.0,249.0,465.0,271.0,240.0,330.0,212.0,227.0,24.0,20.0,21.0,15.0,24.0,6.0,6.0
2020-05-04,49464119.0,4228.0,307.0,295.0,9.0,3994453.0,45.759507,49598176.0,52.594,33.222,4940210.083333333,49469163.0,49475365.0,49480643.0,49485735.0,49491319.0,49496213.0,49500442.0,4199.0,5652.0,4293.0,4504.0,5068.0,4186.0,3793.0,423.0,277.0,500.0,296.0,261.0,354.0,218.0,405.0,249.0,465.0,271.0,240.0,330.0,212.0,17.0,24.0,20.0,21.0,15.0,24.0,6.0
2020-05-05,49459280.0,4076.0,641.0,587.0,48.0,3994453.0,45.759507,49598176.0,52.594,33.222,4940210.083333333,49464119.0,49469163.0,49475365.0,49480643.0,49485735.0,49491319.0,49496213.0,4228.0,4199.0,5652.0,4293.0,4504.0,5068.0,4186.0,307.0,423.0,277.0,500.0,296.0,261.0,354.0,295.0,405.0,249.0,465.0,271.0,240.0,330.0,9.0,17.0,24.0,20.0,21.0,15.0,24.0
2020-05-06,49453928.0,4005.0,347.0,332.0,13.0,3994453.0,45.759507,49598176.0,52.594,33.222,4940210.083333333,49459280.0,49464119.0,49469163.0,49475365.0,49480643.0,49485735.0,49491319.0,4076.0,4228.0,4199.0,5652.0,4293.0,4504.0,5068.0,641.0,307.0,423.0,277.0,500.0,296.0,261.0,587.0,295.0,405.0,249.0,465.0,271.0,240.0,48.0,9.0,17.0,24.0,20.0,21.0,15.0
2020-05-07,49449231.0,4242.0,497.0,482.0,12.0,3994453.0,45.759507,49598176.0,52.594,33.222,4940210.083333333,49453928.0,49459280.0,49464119.0,49469163.0,49475365.0,49480643.0,49485735.0,4005.0,4076.0,4228.0,4199.0,5652.0,4293.0,4504.0,347.0,641.0,307.0,423.0,277.0,500.0,296.0,332.0,587.0,295.0,405.0,249.0,465.0,271.0,13.0,48.0,9.0,17.0,24.0,20.0,21.0
2020-05-08,49443998.0,4387.0,595.0,555.0,32.0,3994453.0,45.759507,49598176.0,52.594,33.222,4940210.083333333,49449231.0,49453928.0,49459280.0,49464119.0,49469163.0,49475365.0,49480643.0,4242.0,4005.0,4076.0,4228.0,4199.0,5652.0,4293.0,497.0,347.0,641.0,307.0,423.0,277.0,500.0,482.0,332.0,587.0,295.0,405.0,249.0,465.0,12.0,13.0,48.0,9.0,17.0,24.0,20.0
2020-05-09,49438429.0,5173.0,444.0,417.0,20.0,3994453.0,45.759507,49598176.0,52.594,33.222,4940210.083333333,49443998.0,49449231.0,49453928.0,49459280.0,49464119.0,49469163.0,49475365.0,4387.0,4242.0,4005.0,4076.0,4228.0,4199.0,5652.0,595.0,497.0,347.0,641.0,307.0,423.0,277.0,555.0,482.0,332.0,587.0,295.0,405.0,249.0,32.0,12.0,13.0,48.0,9.0,17.0,24.0
2020-05-10,49432375.0,6484.0,568.0,532.0,32.0,3994453.0,45.759507,49598176.0,52.594,33.222,4940210.083333333,49438429.0,49443998.0,49449231.0,49453928.0,49459280.0,49464119.0,49469163.0,5173.0,4387.0,4242.0,4005.0,4076.0,4228.0,4199.0,444.0,595.0,497.0,347.0,641.0,307.0,423.0,417.0,555.0,482.0,332.0,587.0,295.0,405.0,20.0,32.0,12.0,13.0,48.0,9.0,17.0
2020-05-11,49424759.0,7537.0,550.0,522.0,27.0,3994453.0,45.759507,49598176.0,52.594,33.222,4940210.083333333,49432375.0,49438429.0,49443998.0,49449231.0,49453928.0,49459280.0,49464119.0,6484.0,5173.0,4387.0,4242.0,4005.0,4076.0,4228.0,568.0,444.0,595.0,497.0,347.0,641.0,307.0,532.0,417.0,555.0,482.0,332.0,587.0,295.0,32.0,20.0,32.0,12.0,13.0,48.0,9.0
2020-05-12,49416123.0,6805.0,658.0,623.0,28.0,3994453.0,45.759507,49598176.0,52.594,33.222,4940210.083333333,49424759.0,49432375.0,49438429.0,49443998.0,49449231.0,49453928.0,49459280.0,7537.0,6484.0,5173.0,4387.0,4242.0,4005.0,4076.0,550.0,568.0,444.0,595.0,497.0,347.0,641.0,522.0,532.0,417.0,555.0,482.0,332.0,587.0,27.0,32.0,20.0,32.0,12.0,13.0,48.0
2020-05-13,49408009.0,6041.0,659.0,627.0,28.0,3994453.0,45.759507,49598176.0,52.594,33.222,4940210.083333333,49416123.0,49424759.0,49432375.0,49438429.0,49443998.0,49449231.0,49453928.0,6805.0,7537.0,6484.0,5173.0,4387.0,4242.0,4005.0,658.0,550.0,568.0,444.0,595.0,497.0,347.0,623.0,522.0,532.0,417.0,555.0,482.0,332.0,28.0,27.0,32.0,20.0,32.0,12.0,13.0
2020-05-14,49400654.0,5271.0,680.0,643.0,32.0,3994453.0,45.759507,49598176.0,52.594,33.222,4940210.083333333,49408009.0,49416123.0,49424759.0,49432375.0,49438429.0,49443998.0,49449231.0,6041.0,6805.0,7537.0,6484.0,5173.0,4387.0,4242.0,659.0,658.0,550.0,568.0,444.0,595.0,497.0,627.0,623.0,522.0,532.0,417.0,555.0,482.0,28.0,28.0,27.0,32.0,20.0,32.0,12.0
2020-05-15,49394028.0,6062.0,606.0,581.0,21.0,3994453.0,45.759507,49598176.0,52.594,33.222,4940210.083333333,49400654.0,49408009.0,49416123.0,49424759.0,49432375.0,49438429.0,49443998.0,5271.0,6041.0,6805.0,7537.0,6484.0,5173.0,4387.0,680.0,659.0,658.0,550.0,568.0,444.0,595.0,643.0,627.0,623.0,522.0,532.0,417.0,555.0,32.0,28.0,28.0,27.0,32.0,20.0,32.0
2020-05-16,49386758.0,7002.0,723.0,683.0,34.0,3994453.0,45.759507,49598176.0,52.594,33.222,4940210.083333333,49394028.0,49400654.0,49408009.0,49416123.0,49424759.0,49432375.0,49438429.0,6062.0,5271.0,6041.0,6805.0,7537.0,6484.0,5173.0,606.0,680.0,659.0,658.0,550.0,568.0,444.0,581.0,643.0,627.0,623.0,522.0,532.0,417.0,21.0,32.0,28.0,28.0,27.0,32.0,20.0
2020-05-17,49378316.0,6303.0,635.0,611.0,21.0,3994453.0,45.759507,49598176.0,52.594,33.222,4940210.083333333,49386758.0,49394028.0,49400654.0,49408009.0,49416123.0,49424759.0,49432375.0,7002.0,6062.0,5271.0,6041.0,6805.0,7537.0,6484.0,723.0,606.0,680.0,659.0,658.0,550.0,568.0,683.0,581.0,643.0,627.0,623.0,522.0,532.0,34.0,21.0,32.0,28.0,28.0,27.0,32.0
2020-05-18,49370746.0,5471.0,721.0,691.0,23.0,3994453.0,45.759507,49598176.0,52.594,33.222,4940210.083333333,49378316.0,49386758.0,49394028.0,49400654.0,49408009.0,49416123.0,49424759.0,6303.0,7002.0,6062.0,5271.0,6041.0,6805.0,7537.0,635.0,723.0,606.0,680.0,659.0,658.0,550.0,611.0,683.0,581.0,643.0,627.0,623.0,522.0,21.0,34.0,21.0,32.0,28.0,28.0,27.0
2020-05-19,49363840.0,6158.0,640.0,609.0,30.0,3994453.0,45.759507,49598176.0,52.594,33.222,4940210.083333333,49370746.0,49378316.0,49386758.0,49394028.0,49400654.0,49408009.0,49416123.0,5471.0,6303.0,7002.0,6062.0,5271.0,6041.0,6805.0,721.0,635.0,723.0,606.0,680.0,659.0,658.0,691.0,611.0,683.0,581.0,643.0,627.0,623.0,23.0,21.0,34.0,21.0,32.0,28.0,28.0
2020-05-20,49356403.0,6490.0,752.0,718.0,32.0,3994453.0,45.759507,49598176.0,52.594,33.222,4940210.083333333,49363840.0,49370746.0,49378316.0,49386758.0,49394028.0,49400654.0,49408009.0,6158.0,5471.0,6303.0,7002.0,6062.0,5271.0,6041.0,640.0,721.0,635.0,723.0,606.0,680.0,659.0,609.0,691.0,611.0,683.0,581.0,643.0,627.0,30.0,23.0,21.0,34.0,21.0,32.0,28.0
2020-05-21,49348411.0,7574.0,643.0,619.0,21.0,3994453.0,45.759507,49598176.0,52.594,33.222,4940210.083333333,49356403.0,49363840.0,49370746.0,49378316.0,49386758.0,49394028.0,49400654.0,6490.0,6158.0,5471.0,6303.0,7002.0,6062.0,5271.0,752.0,640.0,721.0,635.0,723.0,606.0,680.0,718.0,609.0,691.0,611.0,683.0,581.0,643.0,32.0,30.0,23.0,21.0,34.0,21.0,32.0
2020-05-22,49339554.0,13838.0,801.0,768.0,32.0,3994453.0,45.759507,49598176.0,52.594,33.222,4940210.083333333,49348411.0,49356403.0,49363840.0,49370746.0,49378316.0,49386758.0,49394028.0,7574.0,6490.0,6158.0,5471.0,6303.0,7002.0,6062.0,643.0,752.0,640.0,721.0,635.0,723.0,606.0,619.0,718.0,609.0,691.0,611.0,683.0,581.0,21.0,32.0,30.0,23.0,21.0,34.0,21.0
2020-05-23,49324115.0,7171.0,1046.0,989.0,51.0,3994453.0,45.759507,49598176.0,52.594,33.222,4940210.083333333,49339554.0,49348411.0,49356403.0,49363840.0,49370746.0,49378316.0,49386758.0,13838.0,7574.0,6490.0,6158.0,5471.0,6303.0,7002.0,801.0,643.0,752.0,640.0,721.0,635.0,723.0,768.0,619.0,718.0,609.0,691.0,611.0,683.0,32.0,21.0,32.0,30.0,23.0,21.0,34.0
2020-05-24,49314858.0,9623.0,998.0,951.0,44.0,3994453.0,45.759507,49598176.0,52.594,33.222,4940210.083333333,49324115.0,49339554.0,49348411.0,49356403.0,49363840.0,49370746.0,49378316.0,7171.0,13838.0,7574.0,6490.0,6158.0,5471.0,6303.0,1046.0,801.0,643.0,752.0,640.0,721.0,635.0,989.0,768.0,619.0,718.0,609.0,691.0,611.0,51.0,32.0,21.0,32.0,30.0,23.0,21.0
2020-05-25,49303242.0,8070.0,806.0,783.0,17.0,3994453.0,45.759507,49598176.0,52.594,33.222,4940210.083333333,49314858.0,49324115.0,49339554.0,49348411.0,49356403.0,49363840.0,49370746.0,9623.0,7171.0,13838.0,7574.0,6490.0,6158.0,5471.0,998.0,1046.0,801.0,643.0,752.0,640.0,721.0,951.0,989.0,768.0,619.0,718.0,609.0,691.0,44.0,51.0,32.0,21.0,32.0,30.0,23.0
2020-05-26,49293566.0,10306.0,1022.0,990.0,26.0,3994453.0,45.759507,49598176.0,52.594,33.222,4940210.083333333,49303242.0,49314858.0,49324115.0,49339554.0,49348411.0,49356403.0,49363840.0,8070.0,9623.0,7171.0,13838.0,7574.0,6490.0,6158.0,806.0,998.0,1046.0,801.0,643.0,752.0,640.0,783.0,951.0,989.0,768.0,619.0,718.0,609.0,17.0,44.0,51.0,32.0,21.0,32.0,30.0
2020-05-27,49281222.0,12346.0,1101.0,1063.0,31.0,3994453.0,45.759507,49598176.0,52.594,33.222,4940210.083333333,49293566.0,49303242.0,49314858.0,49324115.0,49339554.0,49348411.0,49356403.0,10306.0,8070.0,9623.0,7171.0,13838.0,7574.0,6490.0,1022.0,806.0,998.0,1046.0,801.0,643.0,752.0,990.0,783.0,951.0,989.0,768.0,619.0,718.0,26.0,17.0,44.0,51.0,32.0,21.0,32.0
2020-05-28,49266681.0,12150.0,1256.0,1192.0,54.0,3994453.0,45.759507,49598176.0,52.594,33.222,4940210.083333333,49281222.0,49293566.0,49303242.0,49314858.0,49324115.0,49339554.0,49348411.0,12346.0,10306.0,8070.0,9623.0,7171.0,13838.0,7574.0,1101.0,1022.0,806.0,998.0,1046.0,801.0,643.0,1063.0,990.0,783.0,951.0,989.0,768.0,619.0,31.0,26.0,17.0,44.0,51.0,32.0,21.0
2020-05-29,49252029.0,10797.0,1321.0,1269.0,44.0,3994453.0,45.759507,49598176.0,52.594,33.222,4940210.083333333,49266681.0,49281222.0,49293566.0,49303242.0,49314858.0,49324115.0,49339554.0,12150.0,12346.0,10306.0,8070.0,9623.0,7171.0,13838.0,1256.0,1101.0,1022.0,806.0,998.0,1046.0,801.0,1192.0,1063.0,990.0,783.0,951.0,989.0,768.0,54.0,31.0,26.0,17.0,44.0,51.0,32.0
2020-05-30,49238598.0,13368.0,1548.0,1451.0,88.0,3994453.0,45.759507,49598176.0,52.594,33.222,4940210.083333333,49252029.0,49266681.0,49281222.0,49293566.0,49303242.0,49314858.0,49324115.0,10797.0,12150.0,12346.0,10306.0,8070.0,9623.0,7171.0,1321.0,1256.0,1101.0,1022.0,806.0,998.0,1046.0,1269.0,1192.0,1063.0,990.0,783.0,951.0,989.0,44.0,54.0,31.0,26.0,17.0,44.0,51.0
2020-05-31,49222143.0,12038.0,1147.0,1108.0,33.0,3994453.0,45.759507,49598176.0,52.594,33.222,4940210.083333333,49238598.0,49252029.0,49266681.0,49281222.0,49293566.0,49303242.0,49314858.0,13368.0,10797.0,12150.0,12346.0,10306.0,8070.0,9623.0,1548.0,1321.0,1256.0,1101.0,1022.0,806.0,998.0,1451.0,1269.0,1192.0,1063.0,990.0,783.0,951.0,88.0,44.0,54.0,31.0,26.0,17.0,44.0
2020-06-01,49207817.0,9325.0,1110.0,1059.0,34.0,3994453.0,45.759507,49598176.0,52.594,33.222,4940210.083333333,49222143.0,49238598.0,49252029.0,49266681.0,49281222.0,49293566.0,49303242.0,12038.0,13368.0,10797.0,12150.0,12346.0,10306.0,8070.0,1147.0,1548.0,1321.0,1256.0,1101.0,1022.0,806.0,1108.0,1451.0,1269.0,1192.0,1063.0,990.0,783.0,33.0,88.0,44.0,54.0,31.0,26.0,17.0
2020-06-02,49196289.0,8981.0,1340.0,1246.0,81.0,3994453.0,45.759507,49598176.0,52.594,33.222,4940210.083333333,49207817.0,49222143.0,49238598.0,49252029.0,49266681.0,49281222.0,49293566.0,9325.0,12038.0,13368.0,10797.0,12150.0,12346.0,10306.0,1110.0,1147.0,1548.0,1321.0,1256.0,1101.0,1022.0,1059.0,1108.0,1451.0,1269.0,1192.0,1063.0,990.0,34.0,33.0,88.0,44.0,54.0,31.0,26.0
2020-06-03,49184641.0,12309.0,1521.0,1440.0,54.0,3994453.0,45.759507,49598176.0,52.594,33.222,4940210.083333333,49196289.0,49207817.0,49222143.0,49238598.0,49252029.0,49266681.0,49281222.0,8981.0,9325.0,12038.0,13368.0,10797.0,12150.0,12346.0,1340.0,1110.0,1147.0,1548.0,1321.0,1256.0,1101.0,1246.0,1059.0,1108.0,1451.0,1269.0,1192.0,1063.0,81.0,34.0,33.0,88.0,44.0,54.0,31.0
2020-06-04,49169317.0,12160.0,1766.0,1661.0,83.0,3994453.0,45.759507,49598176.0,52.594,33.222,4940210.083333333,49184641.0,49196289.0,49207817.0,49222143.0,49238598.0,49252029.0,49266681.0,12309.0,8981.0,9325.0,12038.0,13368.0,10797.0,12150.0,1521.0,1340.0,1110.0,1147.0,1548.0,1321.0,1256.0,1440.0,1246.0,1059.0,1108.0,1451.0,1269.0,1192.0,54.0,81.0,34.0,33.0,88.0,44.0,54.0
2020-06-05,49153647.0,12346.0,1515.0,1415.0,63.0,3994453.0,45.759507,49598176.0,52.594,33.222,4940210.083333333,49169317.0,49184641.0,49196289.0,49207817.0,49222143.0,49238598.0,49252029.0,12160.0,12309.0,8981.0,9325.0,12038.0,13368.0,10797.0,1766.0,1521.0,1340.0,1110.0,1147.0,1548.0,1321.0,1661.0,1440.0,1246.0,1059.0,1108.0,1451.0,1269.0,83.0,54.0,81.0,34.0,33.0,88.0,44.0
2020-06-06,49138308.0,12567.0,1392.0,1302.0,61.0,3994453.0,45.759507,49598176.0,52.594,33.222,4940210.083333333,49153647.0,49169317.0,49184641.0,49196289.0,49207817.0,49222143.0,49238598.0,12346.0,12160.0,12309.0,8981.0,9325.0,12038.0,13368.0,1515.0,1766.0,1521.0,1340.0,1110.0,1147.0,1548.0,1415.0,1661.0,1440.0,1246.0,1059.0,1108.0,1451.0,63.0,83.0,54.0,81.0,34.0,33.0,88.0
2020-06-07,49122986.0,11214.0,1208.0,1104.0,73.0,3994453.0,45.759507,49598176.0,52.594,33.222,4940210.083333333,49138308.0,49153647.0,49169317.0,49184641.0,49196289.0,49207817.0,49222143.0,12567.0,12346.0,12160.0,12309.0,8981.0,9325.0,12038.0,1392.0,1515.0,1766.0,1521.0,1340.0,1110.0,1147.0,1302.0,1415.0,1661.0,1440.0,1246.0,1059.0,1108.0,61.0,63.0,83.0,54.0,81.0,34.0,33.0
2020-06-08,49109387.0,11004.0,1483.0,1369.0,77.0,3994453.0,45.759507,49598176.0,52.594,33.222,4940210.083333333,49122986.0,49138308.0,49153647.0,49169317.0,49184641.0,49196289.0,49207817.0,11214.0,12567.0,12346.0,12160.0,12309.0,8981.0,9325.0,1208.0,1392.0,1515.0,1766.0,1521.0,1340.0,1110.0,1104.0,1302.0,1415.0,1661.0,1440.0,1246.0,1059.0,73.0,61.0,63.0,83.0,54.0,81.0,34.0
2020-06-09,49095454.0,11147.0,1356.0,1253.0,56.0,3994453.0,45.759507,49598176.0,52.594,33.222,4940210.083333333,49109387.0,49122986.0,49138308.0,49153647.0,49169317.0,49184641.0,49196289.0,11004.0,11214.0,12567.0,12346.0,12160.0,12309.0,8981.0,1483.0,1208.0,1392.0,1515.0,1766.0,1521.0,1340.0,1369.0,1104.0,1302.0,1415.0,1661.0,1440.0,1246.0,77.0,73.0,61.0,63.0,83.0,54.0,81.0
2020-06-10,49081642.0,12063.0,1603.0,1489.0,66.0,3994453.0,45.759507,49598176.0,52.594,33.222,4940210.083333333,49095454.0,49109387.0,49122986.0,49138308.0,49153647.0,49169317.0,49184641.0,11147.0,11004.0,11214.0,12567.0,12346.0,12160.0,12309.0,1356.0,1483.0,1208.0,1392.0,1515.0,1766.0,1521.0,1253.0,1369.0,1104.0,1302.0,1415.0,1661.0,1440.0,56.0,77.0,73.0,61.0,63.0,83.0,54.0
2020-06-11,49066421.0,13391.0,1530.0,1423.0,54.0,3994453.0,45.759507,49598176.0,52.594,33.222,4940210.083333333,49081642.0,49095454.0,49109387.0,49122986.0,49138308.0,49153647.0,49169317.0,12063.0,11147.0,11004.0,11214.0,12567.0,12346.0,12160.0,1603.0,1356.0,1483.0,1208.0,1392.0,1515.0,1766.0,1489.0,1253.0,1369.0,1104.0,1302.0,1415.0,1661.0,66.0,56.0,77.0,73.0,61.0,63.0,83.0
2020-06-12,49050023.0,12027.0,1646.0,1506.0,82.0,3994453.0,45.759507,49598176.0,52.594,33.222,4940210.083333333,49066421.0,49081642.0,49095454.0,49109387.0,49122986.0,49138308.0,49153647.0,13391.0,12063.0,11147.0,11004.0,11214.0,12567.0,12346.0,1530.0,1603.0,1356.0,1483.0,1208.0,1392.0,1515.0,1423.0,1489.0,1253.0,1369.0,1104.0,1302.0,1415.0,54.0,66.0,56.0,77.0,73.0,61.0,63.0
2020-06-13,49034762.0,12481.0,1886.0,1673.0,106.0,3994453.0,45.759507,49598176.0,52.594,33.222,4940210.083333333,49050023.0,49066421.0,49081642.0,49095454.0,49109387.0,49122986.0,49138308.0,12027.0,13391.0,12063.0,11147.0,11004.0,11214.0,12567.0,1646.0,1530.0,1603.0,1356.0,1483.0,1208.0,1392.0,1506.0,1423.0,1489.0,1253.0,1369.0,1104.0,1302.0,82.0,54.0,66.0,56.0,77.0,73.0,61.0
2020-06-14,49018616.0,12192.0,2192.0,2020.0,110.0,3994453.0,45.759507,49598176.0,52.594,33.222,4940210.083333333,49034762.0,49050023.0,49066421.0,49081642.0,49095454.0,49109387.0,49122986.0,12481.0,12027.0,13391.0,12063.0,11147.0,11004.0,11214.0,1886.0,1646.0,1530.0,1603.0,1356.0,1483.0,1208.0,1673.0,1506.0,1423.0,1489.0,1253.0,1369.0,1104.0,106.0,82.0,54.0,66.0,56.0,77.0,73.0
2020-06-15,49002102.0,12564.0,2122.0,1948.0,107.0,3994453.0,45.759507,49598176.0,52.594,33.222,4940210.083333333,49018616.0,49034762.0,49050023.0,49066421.0,49081642.0,49095454.0,49109387.0,12192.0,12481.0,12027.0,13391.0,12063.0,11147.0,11004.0,2192.0,1886.0,1646.0,1530.0,1603.0,1356.0,1483.0,2020.0,1673.0,1506.0,1423.0,1489.0,1253.0,1369.0,110.0,106.0,82.0,54.0,66.0,56.0,77.0
2020-06-16,48985361.0,12402.0,1846.0,1685.0,86.0,3994453.0,45.759507,49598176.0,52.594,33.222,4940210.083333333,49002102.0,49018616.0,49034762.0,49050023.0,49066421.0,49081642.0,49095454.0,12564.0,12192.0,12481.0,12027.0,13391.0,12063.0,11147.0,2122.0,2192.0,1886.0,1646.0,1530.0,1603.0,1356.0,1948.0,2020.0,1673.0,1506.0,1423.0,1489.0,1253.0,107.0,110.0,106.0,82.0,54.0,66.0,56.0
2020-06-17,48969342.0,15230.0,2114.0,1928.0,133.0,3994453.0,45.759507,49598176.0,52.594,33.222,4940210.083333333,48985361.0,49002102.0,49018616.0,49034762.0,49050023.0,49066421.0,49081642.0,12402.0,12564.0,12192.0,12481.0,12027.0,13391.0,12063.0,1846.0,2122.0,2192.0,1886.0,1646.0,1530.0,1603.0,1685.0,1948.0,2020.0,1673.0,1506.0,1423.0,1489.0,86.0,107.0,110.0,106.0,82.0,54.0,66.0
2020-06-18,48949937.0,15391.0,3168.0,2867.0,193.0,3994453.0,45.759507,49598176.0,52.594,33.222,4940210.083333333,48969342.0,48985361.0,49002102.0,49018616.0,49034762.0,49050023.0,49066421.0,15230.0,12402.0,12564.0,12192.0,12481.0,12027.0,13391.0,2114.0,1846.0,2122.0,2192.0,1886.0,1646.0,1530.0,1928.0,1685.0,1948.0,2020.0,1673.0,1506.0,1423.0,133.0,86.0,107.0,110.0,106.0,82.0,54.0
2020-06-19,48928318.0,17713.0,3058.0,2827.0,147.0,3994453.0,45.759507,49598176.0,52.594,33.222,4940210.083333333,48949937.0,48969342.0,48985361.0,49002102.0,49018616.0,49034762.0,49050023.0,15391.0,15230.0,12402.0,12564.0,12192.0,12481.0,12027.0,3168.0,2114.0,1846.0,2122.0,2192.0,1886.0,1646.0,2867.0,1928.0,1685.0,1948.0,2020.0,1673.0,1506.0,193.0,133.0,86.0,107.0,110.0,106.0,82.0
2020-06-20,48904573.0,17498.0,2356.0,2128.0,134.0,3994453.0,45.759507,49598176.0,52.594,33.222,4940210.083333333,48928318.0,48949937.0,48969342.0,48985361.0,49002102.0,49018616.0,49034762.0,17713.0,15391.0,15230.0,12402.0,12564.0,12192.0,12481.0,3058.0,3168.0,2114.0,1846.0,2122.0,2192.0,1886.0,2827.0,2867.0,1928.0,1685.0,1948.0,2020.0,1673.0,147.0,193.0,133.0,86.0,107.0,110.0,106.0
2020-06-21,48882457.0,18451.0,3012.0,2758.0,157.0,3994453.0,45.759507,49598176.0,52.594,33.222,4940210.083333333,48904573.0,48928318.0,48949937.0,48969342.0,48985361.0,49002102.0,49018616.0,17498.0,17713.0,15391.0,15230.0,12402.0,12564.0,12192.0,2356.0,3058.0,3168.0,2114.0,1846.0,2122.0,2192.0,2128.0,2827.0,2867.0,1928.0,1685.0,1948.0,2020.0,134.0,147.0,193.0,133.0,86.0,107.0,110.0
2020-06-22,48858079.0,16015.0,2531.0,2387.0,86.0,3994453.0,45.759507,49598176.0,52.594,33.222,4940210.083333333,48882457.0,48904573.0,48928318.0,48949937.0,48969342.0,48985361.0,49002102.0,18451.0,17498.0,17713.0,15391.0,15230.0,12402.0,12564.0,3012.0,2356.0,3058.0,3168.0,2114.0,1846.0,2122.0,2758.0,2128.0,2827.0,2867.0,1928.0,1685.0,1948.0,157.0,134.0,147.0,193.0,133.0,86.0,107.0
2020-06-23,48837060.0,14323.0,2389.0,2165.0,131.0,3994453.0,45.759507,49598176.0,52.594,33.222,4940210.083333333,48858079.0,48882457.0,48904573.0,48928318.0,48949937.0,48969342.0,48985361.0,16015.0,18451.0,17498.0,17713.0,15391.0,15230.0,12402.0,2531.0,3012.0,2356.0,3058.0,3168.0,2114.0,1846.0,2387.0,2758.0,2128.0,2827.0,2867.0,1928.0,1685.0,86.0,157.0,134.0,147.0,193.0,133.0,86.0
2020-06-24,48818052.0,16981.0,3541.0,3270.0,159.0,3994453.0,45.759507,49598176.0,52.594,33.222,4940210.083333333,48837060.0,48858079.0,48882457.0,48904573.0,48928318.0,48949937.0,48969342.0,14323.0,16015.0,18451.0,17498.0,17713.0,15391.0,15230.0,2389.0,2531.0,3012.0,2356.0,3058.0,3168.0,2114.0,2165.0,2387.0,2758.0,2128.0,2827.0,2867.0,1928.0,131.0,86.0,157.0,134.0,147.0,193.0,133.0
2020-06-25,48794101.0,18501.0,3486.0,3168.0,169.0,3994453.0,45.759507,49598176.0,52.594,33.222,4940210.083333333,48818052.0,48837060.0,48858079.0,48882457.0,48904573.0,48928318.0,48949937.0,16981.0,14323.0,16015.0,18451.0,17498.0,17713.0,15391.0,3541.0,2389.0,2531.0,3012.0,2356.0,3058.0,3168.0,3270.0,2165.0,2387.0,2758.0,2128.0,2827.0,2867.0,159.0,131.0,86.0,157.0,134.0,147.0,193.0
2020-06-26,48768777.0,18866.0,3843.0,3568.0,162.0,3994453.0,45.759507,49598176.0,52.594,33.222,4940210.083333333,48794101.0,48818052.0,48837060.0,48858079.0,48882457.0,48904573.0,48928318.0,18501.0,16981.0,14323.0,16015.0,18451.0,17498.0,17713.0,3486.0,3541.0,2389.0,2531.0,3012.0,2356.0,3058.0,3168.0,3270.0,2165.0,2387.0,2758.0,2128.0,2827.0,169.0,159.0,131.0,86.0,157.0,134.0,147.0
2020-06-27,48742338.0,18729.0,4149.0,3788.0,185.0,3994453.0,45.759507,49598176.0,52.594,33.222,4940210.083333333,48768777.0,48794101.0,48818052.0,48837060.0,48858079.0,48882457.0,48904573.0,18866.0,18501.0,16981.0,14323.0,16015.0,18451.0,17498.0,3843.0,3486.0,3541.0,2389.0,2531.0,3012.0,2356.0,3568.0,3168.0,3270.0,2165.0,2387.0,2758.0,2128.0,162.0,169.0,159.0,131.0,86.0,157.0,134.0
2020-06-28,48715487.0,18140.0,3178.0,2866.0,156.0,3994453.0,45.759507,49598176.0,52.594,33.222,4940210.083333333,48742338.0,48768777.0,48794101.0,48818052.0,48837060.0,48858079.0,48882457.0,18729.0,18866.0,18501.0,16981.0,14323.0,16015.0,18451.0,4149.0,3843.0,3486.0,3541.0,2389.0,2531.0,3012.0,3788.0,3568.0,3168.0,3270.0,2165.0,2387.0,2758.0,185.0,162.0,169.0,159.0,131.0,86.0,157.0
2020-06-29,48691147.0,17609.0,3274.0,3035.0,135.0,3994453.0,45.759507,49598176.0,52.594,33.222,4940210.083333333,48715487.0,48742338.0,48768777.0,48794101.0,48818052.0,48837060.0,48858079.0,18140.0,18729.0,18866.0,18501.0,16981.0,14323.0,16015.0,3178.0,4149.0,3843.0,3486.0,3541.0,2389.0,2531.0,2866.0,3788.0,3568.0,3168.0,3270.0,2165.0,2387.0,156.0,185.0,162.0,169.0,159.0,131.0,86.0
2020-06-30,48667094.0,17282.0,2803.0,2570.0,110.0,3994453.0,45.759507,49598176.0,52.594,33.222,4940210.083333333,48691147.0,48715487.0,48742338.0,48768777.0,48794101.0,48818052.0,48837060.0,17609.0,18140.0,18729.0,18866.0,18501.0,16981.0,14323.0,3274.0,3178.0,4149.0,3843.0,3486.0,3541.0,2389.0,3035.0,2866.0,3788.0,3568.0,3168.0,3270.0,2165.0,135.0,156.0,185.0,162.0,169.0,159.0,131.0
2020-07-01,48644329.0,18054.0,4161.0,3762.0,213.0,3994453.0,45.759507,49598176.0,52.594,33.222,4940210.083333333,48667094.0,48691147.0,48715487.0,48742338.0,48768777.0,48794101.0,48818052.0,17282.0,17609.0,18140.0,18729.0,18866.0,18501.0,16981.0,2803.0,3274.0,3178.0,4149.0,3843.0,3486.0,3541.0,2570.0,3035.0,2866.0,3788.0,3568.0,3168.0,3270.0,110.0,135.0,156.0,185.0,162.0,169.0,159.0
2020-07-02,48618139.0,19335.0,4101.0,3720.0,202.0,3994453.0,45.759507,49598176.0,52.594,33.222,4940210.083333333,48644329.0,48667094.0,48691147.0,48715487.0,48742338.0,48768777.0,48794101.0,18054.0,17282.0,17609.0,18140.0,18729.0,18866.0,18501.0,4161.0,2803.0,3274.0,3178.0,4149.0,3843.0,3486.0,3762.0,2570.0,3035.0,2866.0,3788.0,3568.0,3168.0,213.0,110.0,135.0,156.0,185.0,162.0,169.0
2020-07-03,48590781.0,20595.0,3395.0,3044.0,199.0,3994453.0,45.759507,49598176.0,52.594,33.222,4940210.083333333,48618139.0,48644329.0,48667094.0,48691147.0,48715487.0,48742338.0,48768777.0,19335.0,18054.0,17282.0,17609.0,18140.0,18729.0,18866.0,4101.0,4161.0,2803.0,3274.0,3178.0,4149.0,3843.0,3720.0,3762.0,2570.0,3035.0,2866.0,3788.0,3568.0,202.0,213.0,110.0,135.0,156.0,185.0,162.0
2020-07-04,48563548.0,21028.0,3884.0,3482.0,189.0,3994453.0,45.759507,49598176.0,52.594,33.222,4940210.083333333,48590781.0,48618139.0,48644329.0,48667094.0,48691147.0,48715487.0,48742338.0,20595.0,19335.0,18054.0,17282.0,17609.0,18140.0,18729.0,3395.0,4101.0,4161.0,2803.0,3274.0,3178.0,4149.0,3044.0,3720.0,3762.0,2570.0,3035.0,2866.0,3788.0,199.0,202.0,213.0,110.0,135.0,156.0,185.0
2020-07-05,48534965.0,21000.0,3721.0,3438.0,160.0,3994453.0,45.759507,49598176.0,52.594,33.222,4940210.083333333,48563548.0,48590781.0,48618139.0,48644329.0,48667094.0,48691147.0,48715487.0,21028.0,20595.0,19335.0,18054.0,17282.0,17609.0,18140.0,3884.0,3395.0,4101.0,4161.0,2803.0,3274.0,3178.0,3482.0,3044.0,3720.0,3762.0,2570.0,3035.0,2866.0,189.0,199.0,202.0,213.0,110.0,135.0,156.0
2020-07-06,48506646.0,20459.0,3171.0,2929.0,135.0,3994453.0,45.759507,49598176.0,52.594,33.222,4940210.083333333,48534965.0,48563548.0,48590781.0,48618139.0,48644329.0,48667094.0,48691147.0,21000.0,21028.0,20595.0,19335.0,18054.0,17282.0,17609.0,3721.0,3884.0,3395.0,4101.0,4161.0,2803.0,3274.0,3438.0,3482.0,3044.0,3720.0,3762.0,2570.0,3035.0,160.0,189.0,199.0,202.0,213.0,110.0,135.0
2020-07-07,48479952.0,21115.0,4213.0,3777.0,195.0,3994453.0,45.759507,49598176.0,52.594,33.222,4940210.083333333,48506646.0,48534965.0,48563548.0,48590781.0,48618139.0,48644329.0,48667094.0,20459.0,21000.0,21028.0,20595.0,19335.0,18054.0,17282.0,3171.0,3721.0,3884.0,3395.0,4101.0,4161.0,2803.0,2929.0,3438.0,3482.0,3044.0,3720.0,3762.0,2570.0,135.0,160.0,189.0,199.0,202.0,213.0,110.0
2020-07-08,48450652.0,21409.0,4144.0,3730.0,218.0,3994453.0,45.759507,49598176.0,52.594,33.222,4940210.083333333,48479952.0,48506646.0,48534965.0,48563548.0,48590781.0,48618139.0,48644329.0,21115.0,20459.0,21000.0,21028.0,20595.0,19335.0,18054.0,4213.0,3171.0,3721.0,3884.0,3395.0,4101.0,4161.0,3777.0,2929.0,3438.0,3482.0,3044.0,3720.0,3762.0,195.0,135.0,160.0,189.0,199.0,202.0,213.0
2020-07-09,48421151.0,21526.0,5333.0,4760.0,292.0,3994453.0,45.759507,49598176.0,52.594,33.222,4940210.083333333,48450652.0,48479952.0,48506646.0,48534965.0,48563548.0,48590781.0,48618139.0,21409.0,21115.0,20459.0,21000.0,21028.0,20595.0,19335.0,4144.0,4213.0,3171.0,3721.0,3884.0,3395.0,4101.0,3730.0,3777.0,2929.0,3438.0,3482.0,3044.0,3720.0,218.0,195.0,135.0,160.0,189.0,199.0,202.0
2020-07-10,48389240.0,23225.0,6803.0,6341.0,222.0,3994453.0,45.759507,49598176.0,52.594,33.222,4940210.083333333,48421151.0,48450652.0,48479952.0,48506646.0,48534965.0,48563548.0,48590781.0,21526.0,21409.0,21115.0,20459.0,21000.0,21028.0,20595.0,5333.0,4144.0,4213.0,3171.0,3721.0,3884.0,3395.0,4760.0,3730.0,3777.0,2929.0,3438.0,3482.0,3044.0,292.0,218.0,195.0,135.0,160.0,189.0,199.0
2020-07-11,48352649.0,37628.0,4586.0,4167.0,222.0,3994453.0,45.759507,49598176.0,52.594,33.222,4940210.083333333,48389240.0,48421151.0,48450652.0,48479952.0,48506646.0,48534965.0,48563548.0,23225.0,21526.0,21409.0,21115.0,20459.0,21000.0,21028.0,6803.0,5333.0,4144.0,4213.0,3171.0,3721.0,3884.0,6341.0,4760.0,3730.0,3777.0,2929.0,3438.0,3482.0,222.0,292.0,218.0,195.0,135.0,160.0,189.0
2020-07-12,48306046.0,25137.0,5083.0,4668.0,206.0,3994453.0,45.759507,49598176.0,52.594,33.222,4940210.083333333,48352649.0,48389240.0,48421151.0,48450652.0,48479952.0,48506646.0,48534965.0,37628.0,23225.0,21526.0,21409.0,21115.0,20459.0,21000.0,4586.0,6803.0,5333.0,4144.0,4213.0,3171.0,3721.0,4167.0,6341.0,4760.0,3730.0,3777.0,2929.0,3438.0,222.0,222.0,292.0,218.0,195.0,135.0,160.0
2020-07-13,48270952.0,25584.0,3832.0,3438.0,166.0,3994453.0,45.759507,49598176.0,52.594,33.222,4940210.083333333,48306046.0,48352649.0,48389240.0,48421151.0,48450652.0,48479952.0,48506646.0,25137.0,37628.0,23225.0,21526.0,21409.0,21115.0,20459.0,5083.0,4586.0,6803.0,5333.0,4144.0,4213.0,3171.0,4668.0,4167.0,6341.0,4760.0,3730.0,3777.0,2929.0,206.0,222.0,222.0,292.0,218.0,195.0,135.0
2020-07-14,48237932.0,25601.0,5621.0,5190.0,226.0,3994453.0,45.759507,49598176.0,52.594,33.222,4940210.083333333,48270952.0,48306046.0,48352649.0,48389240.0,48421151.0,48450652.0,48479952.0,25584.0,25137.0,37628.0,23225.0,21526.0,21409.0,21115.0,3832.0,5083.0,4586.0,6803.0,5333.0,4144.0,4213.0,3438.0,4668.0,4167.0,6341.0,4760.0,3730.0,3777.0,166.0,206.0,222.0,222.0,292.0,218.0,195.0
2020-07-15,48201294.0,25733.0,5265.0,4762.0,271.0,3994453.0,45.759507,49598176.0,52.594,33.222,4940210.083333333,48237932.0,48270952.0,48306046.0,48352649.0,48389240.0,48421151.0,48450652.0,25601.0,25584.0,25137.0,37628.0,23225.0,21526.0,21409.0,5621.0,3832.0,5083.0,4586.0,6803.0,5333.0,4144.0,5190.0,3438.0,4668.0,4167.0,6341.0,4760.0,3730.0,226.0,166.0,206.0,222.0,222.0,292.0,218.0
2020-07-16,48165263.0,25359.0,8034.0,7382.0,337.0,3994453.0,45.759507,49598176.0,52.594,33.222,4940210.083333333,48201294.0,48237932.0,48270952.0,48306046.0,48352649.0,48389240.0,48421151.0,25733.0,25601.0,25584.0,25137.0,37628.0,23225.0,21526.0,5265.0,5621.0,3832.0,5083.0,4586.0,6803.0,5333.0,4762.0,5190.0,3438.0,4668.0,4167.0,6341.0,4760.0,271.0,226.0,166.0,206.0,222.0,222.0,292.0
2020-07-17,48124151.0,26055.0,8934.0,8387.0,269.0,3994453.0,45.759507,49598176.0,52.594,33.222,4940210.083333333,48165263.0,48201294.0,48237932.0,48270952.0,48306046.0,48352649.0,48389240.0,25359.0,25733.0,25601.0,25584.0,25137.0,37628.0,23225.0,8034.0,5265.0,5621.0,3832.0,5083.0,4586.0,6803.0,7382.0,4762.0,5190.0,3438.0,4668.0,4167.0,6341.0,337.0,271.0,226.0,166.0,206.0,222.0,222.0
2020-07-18,48080506.0,26422.0,8559.0,8057.0,290.0,3994453.0,45.759507,49598176.0,52.594,33.222,4940210.083333333,48124151.0,48165263.0,48201294.0,48237932.0,48270952.0,48306046.0,48352649.0,26055.0,25359.0,25733.0,25601.0,25584.0,25137.0,37628.0,8934.0,8034.0,5265.0,5621.0,3832.0,5083.0,4586.0,8387.0,7382.0,4762.0,5190.0,3438.0,4668.0,4167.0,269.0,337.0,271.0,226.0,166.0,206.0,222.0
2020-07-19,48037178.0,24079.0,6576.0,6063.0,240.0,3994453.0,45.759507,49598176.0,52.594,33.222,4940210.083333333,48080506.0,48124151.0,48165263.0,48201294.0,48237932.0,48270952.0,48306046.0,26422.0,26055.0,25359.0,25733.0,25601.0,25584.0,25137.0,8559.0,8934.0,8034.0,5265.0,5621.0,3832.0,5083.0,8057.0,8387.0,7382.0,4762.0,5190.0,3438.0,4668.0,290.0,269.0,337.0,271.0,226.0,166.0,206.0
2020-07-20,48000220.0,26506.0,6727.0,6220.0,254.0,3994453.0,45.759507,49598176.0,52.594,33.222,4940210.083333333,48037178.0,48080506.0,48124151.0,48165263.0,48201294.0,48237932.0,48270952.0,24079.0,26422.0,26055.0,25359.0,25733.0,25601.0,25584.0,6576.0,8559.0,8934.0,8034.0,5265.0,5621.0,3832.0,6063.0,8057.0,8387.0,7382.0,4762.0,5190.0,3438.0,240.0,290.0,269.0,337.0,271.0,226.0,166.0
2020-07-21,47960513.0,27131.0,7033.0,6417.0,267.0,3994453.0,45.759507,49598176.0,52.594,33.222,4940210.083333333,48000220.0,48037178.0,48080506.0,48124151.0,48165263.0,48201294.0,48237932.0,26506.0,24079.0,26422.0,26055.0,25359.0,25733.0,25601.0,6727.0,6576.0,8559.0,8934.0,8034.0,5265.0,5621.0,6220.0,6063.0,8057.0,8387.0,7382.0,4762.0,5190.0,254.0,240.0,290.0,269.0,337.0,271.0,226.0
2020-07-22,47919665.0,28801.0,7389.0,6606.0,358.0,3994453.0,45.759507,49598176.0,52.594,33.222,4940210.083333333,47960513.0,48000220.0,48037178.0,48080506.0,48124151.0,48165263.0,48201294.0,27131.0,26506.0,24079.0,26422.0,26055.0,25359.0,25733.0,7033.0,6727.0,6576.0,8559.0,8934.0,8034.0,5265.0,6417.0,6220.0,6063.0,8057.0,8387.0,7382.0,4762.0,267.0,254.0,240.0,290.0,269.0,337.0,271.0
2020-07-23,47876511.0,28434.0,7944.0,7158.0,295.0,3994453.0,45.759507,49598176.0,52.594,33.222,4940210.083333333,47919665.0,47960513.0,48000220.0,48037178.0,48080506.0,48124151.0,48165263.0,28801.0,27131.0,26506.0,24079.0,26422.0,26055.0,25359.0,7389.0,7033.0,6727.0,6576.0,8559.0,8934.0,8034.0,6606.0,6417.0,6220.0,6063.0,8057.0,8387.0,7382.0,358.0,267.0,254.0,240.0,290.0,269.0,337.0
2020-07-24,47832680.0,28567.0,7145.0,5383.0,350.0,3994453.0,45.759507,49598176.0,52.594,33.222,4940210.083333333,47876511.0,47919665.0,47960513.0,48000220.0,48037178.0,48080506.0,48124151.0,28434.0,28801.0,27131.0,26506.0,24079.0,26422.0,26055.0,7944.0,7389.0,7033.0,6727.0,6576.0,8559.0,8934.0,7158.0,6606.0,6417.0,6220.0,6063.0,8057.0,8387.0,295.0,358.0,267.0,254.0,240.0,290.0,269.0
2020-07-25,47791235.0,29541.0,7250.0,5354.0,263.0,3994453.0,45.759507,49598176.0,52.594,33.222,4940210.083333333,47832680.0,47876511.0,47919665.0,47960513.0,48000220.0,48037178.0,48080506.0,28567.0,28434.0,28801.0,27131.0,26506.0,24079.0,26422.0,7145.0,7944.0,7389.0,7033.0,6727.0,6576.0,8559.0,5383.0,7158.0,6606.0,6417.0,6220.0,6063.0,8057.0,350.0,295.0,358.0,267.0,254.0,240.0,290.0
2020-07-26,47748827.0,30081.0,8181.0,5584.0,311.0,3994453.0,45.759507,49598176.0,52.594,33.222,4940210.083333333,47791235.0,47832680.0,47876511.0,47919665.0,47960513.0,48000220.0,48037178.0,29541.0,28567.0,28434.0,28801.0,27131.0,26506.0,24079.0,7250.0,7145.0,7944.0,7389.0,7033.0,6727.0,6576.0,5354.0,5383.0,7158.0,6606.0,6417.0,6220.0,6063.0,263.0,350.0,295.0,358.0,267.0,254.0,240.0
2020-07-27,47704670.0,30312.0,8122.0,6161.0,317.0,3994453.0,45.759507,49598176.0,52.594,33.222,4940210.083333333,47748827.0,47791235.0,47832680.0,47876511.0,47919665.0,47960513.0,48000220.0,30081.0,29541.0,28567.0,28434.0,28801.0,27131.0,26506.0,8181.0,7250.0,7145.0,7944.0,7389.0,7033.0,6727.0,5584.0,5354.0,5383.0,7158.0,6606.0,6417.0,6220.0,311.0,263.0,350.0,295.0,358.0,267.0,254.0
2020-07-28,47659758.0,31177.0,10272.0,6857.0,367.0,3994453.0,45.759507,49598176.0,52.594,33.222,4940210.083333333,47704670.0,47748827.0,47791235.0,47832680.0,47876511.0,47919665.0,47960513.0,30312.0,30081.0,29541.0,28567.0,28434.0,28801.0,27131.0,8122.0,8181.0,7250.0,7145.0,7944.0,7389.0,7033.0,6161.0,5584.0,5354.0,5383.0,7158.0,6606.0,6417.0,317.0,311.0,263.0,350.0,295.0,358.0,267.0
2020-07-29,47611085.0,32196.0,8669.0,4873.0,349.0,3994453.0,45.759507,49598176.0,52.594,33.222,4940210.083333333,47659758.0,47704670.0,47748827.0,47791235.0,47832680.0,47876511.0,47919665.0,31177.0,30312.0,30081.0,29541.0,28567.0,28434.0,28801.0,10272.0,8122.0,8181.0,7250.0,7145.0,7944.0,7389.0,6857.0,6161.0,5584.0,5354.0,5383.0,7158.0,6606.0,367.0,317.0,311.0,263.0,350.0,295.0,358.0
2020-07-30,47564998.0,34880.0,9960.0,5062.0,301.0,3994453.0,45.759507,49598176.0,52.594,33.222,4940210.083333333,47611085.0,47659758.0,47704670.0,47748827.0,47791235.0,47832680.0,47876511.0,32196.0,31177.0,30312.0,30081.0,29541.0,28567.0,28434.0,8669.0,10272.0,8122.0,8181.0,7250.0,7145.0,7944.0,4873.0,6857.0,6161.0,5584.0,5354.0,5383.0,7158.0,349.0,367.0,317.0,311.0,263.0,350.0,295.0
2020-07-31,47514795.0,35990.0,9475.0,4103.0,277.0,3994453.0,45.759507,49598176.0,52.594,33.222,4940210.083333333,47564998.0,47611085.0,47659758.0,47704670.0,47748827.0,47791235.0,47832680.0,34880.0,32196.0,31177.0,30312.0,30081.0,29541.0,28567.0,9960.0,8669.0,10272.0,8122.0,8181.0,7250.0,7145.0,5062.0,4873.0,6857.0,6161.0,5584.0,5354.0,5383.0,301.0,349.0,367.0,317.0,311.0,263.0,350.0
2020-08-01,47464950.0,36050.0,10673.0,5223.0,286.0,3994453.0,45.759507,49598176.0,52.594,33.222,4940210.083333333,47514795.0,47564998.0,47611085.0,47659758.0,47704670.0,47748827.0,47791235.0,35990.0,34880.0,32196.0,31177.0,30312.0,30081.0,29541.0,9475.0,9960.0,8669.0,10272.0,8122.0,8181.0,7250.0,4103.0,5062.0,4873.0,6857.0,6161.0,5584.0,5354.0,277.0,301.0,349.0,367.0,317.0,311.0,263.0
2020-08-02,47412718.0,37666.0,11459.0,4528.0,350.0,3994453.0,45.759507,49598176.0,52.594,33.222,4940210.083333333,47464950.0,47514795.0,47564998.0,47611085.0,47659758.0,47704670.0,47748827.0,36050.0,35990.0,34880.0,32196.0,31177.0,30312.0,30081.0,10673.0,9475.0,9960.0,8669.0,10272.0,8122.0,8181.0,5223.0,4103.0,5062.0,4873.0,6857.0,6161.0,5584.0,286.0,277.0,301.0,349.0,367.0,317.0,311.0
2020-08-03,47358715.0,38135.0,10196.0,6624.0,286.0,3994453.0,45.759507,49598176.0,52.594,33.222,4940210.083333333,47412718.0,47464950.0,47514795.0,47564998.0,47611085.0,47659758.0,47704670.0,37666.0,36050.0,35990.0,34880.0,32196.0,31177.0,30312.0,11459.0,10673.0,9475.0,9960.0,8669.0,10272.0,8122.0,4528.0,5223.0,4103.0,5062.0,4873.0,6857.0,6161.0,350.0,286.0,277.0,301.0,349.0,367.0,317.0
2020-08-04,47303474.0,37978.0,7129.0,2691.0,208.0,3994453.0,45.759507,49598176.0,52.594,33.222,4940210.083333333,47358715.0,47412718.0,47464950.0,47514795.0,47564998.0,47611085.0,47659758.0,38135.0,37666.0,36050.0,35990.0,34880.0,32196.0,31177.0,10196.0,11459.0,10673.0,9475.0,9960.0,8669.0,10272.0,6624.0,4528.0,5223.0,4103.0,5062.0,4873.0,6857.0,286.0,350.0,286.0,277.0,301.0,349.0,367.0
2020-08-05,47255468.0,38264.0,10725.0,3450.0,268.0,3994453.0,45.759507,49598176.0,52.594,33.222,4940210.083333333,47303474.0,47358715.0,47412718.0,47464950.0,47514795.0,47564998.0,47611085.0,37978.0,38135.0,37666.0,36050.0,35990.0,34880.0,32196.0,7129.0,10196.0,11459.0,10673.0,9475.0,9960.0,8669.0,2691.0,6624.0,4528.0,5223.0,4103.0,5062.0,4873.0,208.0,286.0,350.0,286.0,277.0,301.0,349.0
2020-08-06,47202761.0,40063.0,11993.0,1728.0,265.0,3994453.0,45.759507,49598176.0,52.594,33.222,4940210.083333333,47255468.0,47303474.0,47358715.0,47412718.0,47464950.0,47514795.0,47564998.0,38264.0,37978.0,38135.0,37666.0,36050.0,35990.0,34880.0,10725.0,7129.0,10196.0,11459.0,10673.0,9475.0,9960.0,3450.0,2691.0,6624.0,4528.0,5223.0,4103.0,5062.0,268.0,208.0,286.0,350.0,286.0,277.0,301.0
2020-08-07,47148712.0,40457.0,9485.0,2157.0,191.0,3994453.0,45.759507,49598176.0,52.594,33.222,4940210.083333333,47202761.0,47255468.0,47303474.0,47358715.0,47412718.0,47464950.0,47514795.0,40063.0,38264.0,37978.0,38135.0,37666.0,36050.0,35990.0,11993.0,10725.0,7129.0,10196.0,11459.0,10673.0,9475.0,1728.0,3450.0,2691.0,6624.0,4528.0,5223.0,4103.0,265.0,268.0,208.0,286.0,350.0,286.0,277.0
2020-08-08,47096422.0,35076.0,9672.0,1649.0,191.0,3994453.0,45.759507,49598176.0,52.594,33.222,4940210.083333333,47148712.0,47202761.0,47255468.0,47303474.0,47358715.0,47412718.0,47464950.0,40457.0,40063.0,38264.0,37978.0,38135.0,37666.0,36050.0,9485.0,11993.0,10725.0,7129.0,10196.0,11459.0,10673.0,2157.0,1728.0,3450.0,2691.0,6624.0,4528.0,5223.0,191.0,265.0,268.0,208.0,286.0,350.0,286.0
2020-08-09,47049834.0,31743.0,10590.0,2069.0,207.0,3994453.0,45.759507,49598176.0,52.594,33.222,4940210.083333333,47096422.0,47148712.0,47202761.0,47255468.0,47303474.0,47358715.0,47412718.0,35076.0,40457.0,40063.0,38264.0,37978.0,38135.0,37666.0,9672.0,9485.0,11993.0,10725.0,7129.0,10196.0,11459.0,1649.0,2157.0,1728.0,3450.0,2691.0,6624.0,4528.0,191.0,191.0,265.0,268.0,208.0,286.0,350.0
2020-08-10,47005225.0,33619.0,10131.0,1117.0,219.0,3994453.0,45.759507,49598176.0,52.594,33.222,4940210.083333333,47049834.0,47096422.0,47148712.0,47202761.0,47255468.0,47303474.0,47358715.0,31743.0,35076.0,40457.0,40063.0,38264.0,37978.0,38135.0,10590.0,9672.0,9485.0,11993.0,10725.0,7129.0,10196.0,2069.0,1649.0,2157.0,1728.0,3450.0,2691.0,6624.0,207.0,191.0,191.0,265.0,268.0,208.0,286.0
2020-08-11,46960139.0,40101.0,12820.0,807.0,222.0,3994453.0,45.759507,49598176.0,52.594,33.222,4940210.083333333,47005225.0,47049834.0,47096422.0,47148712.0,47202761.0,47255468.0,47303474.0,33619.0,31743.0,35076.0,40457.0,40063.0,38264.0,37978.0,10131.0,10590.0,9672.0,9485.0,11993.0,10725.0,7129.0,1117.0,2069.0,1649.0,2157.0,1728.0,3450.0,2691.0,219.0,207.0,191.0,191.0,265.0,268.0,208.0
2020-08-12,46906189.0,40425.0,12059.0,2022.0,195.0,3994453.0,45.759507,49598176.0,52.594,33.222,4940210.083333333,46960139.0,47005225.0,47049834.0,47096422.0,47148712.0,47202761.0,47255468.0,40101.0,33619.0,31743.0,35076.0,40457.0,40063.0,38264.0,12820.0,10131.0,10590.0,9672.0,9485.0,11993.0,10725.0,807.0,1117.0,2069.0,1649.0,2157.0,1728.0,3450.0,222.0,219.0,207.0,191.0,191.0,265.0,268.0
2020-08-13,46851488.0,40076.0,11286.0,663.0,218.0,3994453.0,45.759507,49598176.0,52.594,33.222,4940210.083333333,46906189.0,46960139.0,47005225.0,47049834.0,47096422.0,47148712.0,47202761.0,40425.0,40101.0,33619.0,31743.0,35076.0,40457.0,40063.0,12059.0,12820.0,10131.0,10590.0,9672.0,9485.0,11993.0,2022.0,807.0,1117.0,2069.0,1649.0,2157.0,1728.0,195.0,222.0,219.0,207.0,191.0,191.0,265.0
2020-08-14,46799245.0,41434.0,11303.0,707.0,143.0,3994453.0,45.759507,49598176.0,52.594,33.222,4940210.083333333,46851488.0,46906189.0,46960139.0,47005225.0,47049834.0,47096422.0,47148712.0,40076.0,40425.0,40101.0,33619.0,31743.0,35076.0,40457.0,11286.0,12059.0,12820.0,10131.0,10590.0,9672.0,9485.0,663.0,2022.0,807.0,1117.0,2069.0,1649.0,2157.0,218.0,195.0,222.0,219.0,207.0,191.0,191.0
2020-08-15,46745658.0,38331.0,11578.0,269.0,126.0,3994453.0,45.759507,49598176.0,52.594,33.222,4940210.083333333,46799245.0,46851488.0,46906189.0,46960139.0,47005225.0,47049834.0,47096422.0,41434.0,40076.0,40425.0,40101.0,33619.0,31743.0,35076.0,11303.0,11286.0,12059.0,12820.0,10131.0,10590.0,9672.0,707.0,663.0,2022.0,807.0,1117.0,2069.0,1649.0,143.0,218.0,195.0,222.0,219.0,207.0,191.0
